id,name,email,phone,address,created_at
1,Finley Wilson,finleywilson1@example.com,657-940-6726,"5984 Maple Ave, New York, CA 39733",2024-12-13 14:55:33
2,Morgan Lopez,morganlopez2@example.com,409-694-1031,"7865 3rd Ave, Denver, CA 96584",2024-03-16 15:09:56
3,Quinn Lee,quinnlee3@example.com,689-382-8109,"5457 Maple Ave, Boston, OR 62610",2025-07-13 21:05:55
4,Jordan Johnson,jordanjohnson4@example.com,374-330-1451,"2486 2nd Ave, Portland, TX 90160",2025-09-16 11:16:19
5,Finley Lewis,finleylewis5@example.com,873-558-3554,"8999 Market St, Austin, WA 11866",2025-08-26 09:05:40
6,Taylor Walker,taylorwalker6@example.com,967-342-8107,"3201 Spruce St, New York, WA 43008",2024-05-27 18:30:10
7,Cameron Walker,cameronwalker7@example.com,446-982-6341,"4259 Market St, Boston, TX 17982",2025-11-20 07:56:50
8,Parker Clark,parkerclark8@example.com,878-797-9466,"6901 Spruce St, San Diego, TX 79707",2024-04-10 10:26:07
9,Kendall Walker,kendallwalker9@example.com,219-650-4000,"9980 Pine St, Austin, TX 28554",2024-12-16 06:32:52
10,Finley Nguyen,finleynguyen10@example.com,769-263-6340,"8502 Market St, San Diego, OR 23907",2025-10-30 12:33:35
11,Hayden Patel,haydenpatel11@example.com,454-395-5537,"701 Riverside Dr, San Francisco, GA 69267",2025-02-22 19:23:41
12,Alex Garcia,alexgarcia12@example.com,653-533-9282,"9940 Market St, New York, IL 69289",2025-01-12 04:43:02
13,Hayden Lewis,haydenlewis13@example.com,719-453-9572,"4263 Market St, New York, OR 27974",2024-11-02 02:40:39
14,Taylor Anderson,tayloranderson14@example.com,652-523-2188,"3952 Hillcrest Way, San Francisco, NY 97749",2024-08-05 16:13:46
15,Taylor Kim,taylorkim15@example.com,933-858-6999,"2352 Sunset Blvd, Austin, OR 38781",2025-07-16 11:09:46
16,Taylor Anderson,tayloranderson16@example.com,698-366-4665,"2655 Park Ln, Boston, GA 62928",2024-09-02 21:34:59
17,Reese Lee,reeselee17@example.com,565-526-2510,"6005 Pine St, Denver, GA 70118",2024-11-20 14:44:02
18,Alex Anderson,alexanderson18@example.com,539-729-5840,"8402 Maple Ave, San Francisco, NY 23733",2024-02-17 19:00:56
19,Jamie Brown,jamiebrown19@example.com,240-997-3974,"4440 Riverside Dr, Austin, MA 98601",2025-09-10 14:52:28
20,Jamie Anderson,jamieanderson20@example.com,352-749-9434,"9358 Broadway, Denver, CA 46577",2024-01-28 04:22:18
21,Riley Hernandez,rileyhernandez21@example.com,274-475-1275,"1461 Riverside Dr, Chicago, CA 89715",2025-10-09 13:15:31
22,Avery Garcia,averygarcia22@example.com,470-324-8434,"199 Lakeview Dr, San Diego, MA 45108",2025-04-10 09:23:32
23,Casey Patel,caseypatel23@example.com,739-926-4906,"1803 Cedar Rd, Chicago, WA 33743",2024-05-19 05:13:57
24,Cameron Singh,cameronsingh24@example.com,743-977-4372,"4760 Broadway, San Diego, TX 45457",2024-09-09 00:34:04
25,Alex Brown,alexbrown25@example.com,237-215-1302,"8294 Market St, New York, GA 72227",2024-06-22 07:47:53
26,Rowan Nguyen,rowannguyen26@example.com,874-865-8080,"8120 Market St, Boston, GA 50341",2025-05-31 16:26:06
27,Morgan Martinez,morganmartinez27@example.com,550-403-3289,"6640 Lakeview Dr, Seattle, TX 11868",2024-02-07 10:22:07
28,Jamie Hernandez,jamiehernandez28@example.com,367-256-2384,"6250 Spruce St, San Diego, IL 88483",2024-06-19 15:10:34
29,Cameron Patel,cameronpatel29@example.com,670-389-3581,"4417 Broadway, Seattle, IL 57728",2024-08-25 23:37:41
30,Hayden Lopez,haydenlopez30@example.com,450-235-6071,"3579 Lakeview Dr, Austin, WA 53952",2024-10-05 22:02:08
31,Jordan Lewis,jordanlewis31@example.com,485-714-4292,"4076 Market St, Seattle, CA 44625",2025-09-09 02:48:33
32,Jordan Kim,jordankim32@example.com,609-800-1682,"6464 Pine St, Chicago, IL 92532",2024-06-12 07:53:05
33,Jordan Allen,jordanallen33@example.com,741-968-3543,"9784 Hillcrest Way, Denver, OR 29590",2024-07-22 05:26:07
34,Finley Kim,finleykim34@example.com,244-932-9404,"7042 Park Ln, San Diego, TX 78649",2025-07-21 06:27:39
35,Kendall Allen,kendallallen35@example.com,216-902-4767,"1404 Pine St, Seattle, TX 93508",2024-09-19 16:04:28
36,Taylor Anderson,tayloranderson36@example.com,662-771-1831,"318 3rd Ave, San Diego, NY 74132",2024-07-06 09:27:21
37,Alex Clark,alexclark37@example.com,271-966-9240,"8778 Maple Ave, San Diego, CA 72109",2024-06-27 09:13:41
38,Jordan Brown,jordanbrown38@example.com,440-946-4362,"3790 Park Ln, Portland, OR 60142",2024-02-12 02:32:05
39,Skyler Singh,skylersingh39@example.com,985-247-4248,"1279 2nd Ave, Austin, CO 43284",2025-05-03 13:28:50
40,Cameron Young,cameronyoung40@example.com,781-336-1204,"7913 Pine St, Portland, IL 98080",2024-02-29 19:10:11
41,Morgan Lewis,morganlewis41@example.com,497-925-9462,"4688 Broadway, Portland, OR 25532",2025-11-07 15:05:03
42,Hayden Lee,haydenlee42@example.com,519-287-8748,"296 Sunset Blvd, Portland, CA 76403",2024-11-27 14:22:23
43,Jamie Anderson,jamieanderson43@example.com,414-415-2222,"9536 Maple Ave, Austin, GA 44315",2024-09-18 18:33:52
44,Casey Young,caseyyoung44@example.com,846-720-5580,"1856 Park Ln, Denver, NY 75259",2025-11-10 18:26:49
45,Skyler Anderson,skyleranderson45@example.com,225-362-1058,"8065 3rd Ave, Portland, MA 49577",2025-07-01 07:40:09
46,Casey Hernandez,caseyhernandez46@example.com,552-585-6178,"1990 Spruce St, Denver, WA 52539",2025-07-19 14:41:48
47,Drew Anderson,drewanderson47@example.com,322-400-1192,"4758 Sunset Blvd, Denver, CA 61498",2024-10-12 13:07:45
48,Emerson Garcia,emersongarcia48@example.com,569-638-5508,"800 Sunset Blvd, San Francisco, WA 96766",2024-07-23 08:24:07
49,Casey Martinez,caseymartinez49@example.com,472-646-9371,"5180 Oak St, Denver, MA 13802",2025-09-05 04:04:25
50,Quinn Hall,quinnhall50@example.com,762-408-2320,"820 Park Ln, Boston, OR 90598",2025-07-21 02:44:55
51,Casey Singh,caseysingh51@example.com,697-250-3085,"2807 Broadway, Boston, CO 46929",2024-08-01 18:52:11
52,Jamie Brown,jamiebrown52@example.com,615-871-4910,"4938 Broadway, San Diego, MA 25694",2024-04-22 11:18:11
53,Riley Garcia,rileygarcia53@example.com,412-712-9144,"9027 Oak St, Portland, CO 68977",2024-11-10 11:44:33
54,Casey Hall,caseyhall54@example.com,397-449-2486,"2872 Lakeview Dr, San Diego, CA 51849",2024-06-17 05:38:33
55,Parker Brown,parkerbrown55@example.com,783-406-1329,"6773 Hillcrest Way, Boston, GA 37525",2024-10-02 05:17:16
56,Jamie Lopez,jamielopez56@example.com,970-263-9161,"4556 2nd Ave, Denver, TX 75981",2025-01-28 13:28:55
57,Morgan Garcia,morgangarcia57@example.com,477-454-7300,"6559 3rd Ave, Portland, MA 50896",2025-10-03 16:36:37
58,Alex Kim,alexkim58@example.com,233-635-8754,"9630 Broadway, Seattle, CA 61317",2025-12-06 00:54:09
59,Kendall Clark,kendallclark59@example.com,659-454-2786,"3676 Cedar Rd, Austin, GA 99400",2024-03-08 01:51:51
60,Rowan Garcia,rowangarcia60@example.com,764-995-1647,"32 Riverside Dr, Austin, NY 84630",2025-11-28 00:33:13
61,Sam Singh,samsingh61@example.com,331-841-5125,"8664 3rd Ave, Boston, CA 23034",2024-02-07 03:27:16
62,Cameron Walker,cameronwalker62@example.com,796-396-7358,"4284 Oak St, Atlanta, WA 11371",2025-02-03 23:17:05
63,Cameron Clark,cameronclark63@example.com,485-523-4970,"7797 Market St, New York, GA 42382",2024-01-06 05:50:04
64,Reese Singh,reesesingh64@example.com,256-222-4180,"8174 3rd Ave, Boston, CA 43719",2024-06-08 11:15:17
65,Reese Wilson,reesewilson65@example.com,432-704-1558,"5548 Park Ln, Boston, CO 99465",2024-10-17 08:39:09
66,Morgan Chen,morganchen66@example.com,499-956-9271,"1114 Oak St, Portland, NY 50857",2025-07-31 08:36:40
67,Morgan Martinez,morganmartinez67@example.com,676-426-5342,"4842 Maple Ave, Atlanta, OR 89966",2024-05-07 23:46:16
68,Avery Lewis,averylewis68@example.com,627-881-1924,"9755 Cedar Rd, Boston, WA 37911",2024-01-01 20:28:16
69,Finley Kim,finleykim69@example.com,625-253-1985,"3026 Hillcrest Way, Portland, CO 24838",2024-02-14 03:23:59
70,Riley Lopez,rileylopez70@example.com,395-389-9598,"7671 Pine St, Chicago, MA 59005",2024-08-28 03:17:21
71,Rowan Johnson,rowanjohnson71@example.com,311-202-2281,"4594 Maple Ave, Denver, MA 26214",2025-02-22 08:12:03
72,Morgan Anderson,morgananderson72@example.com,565-987-6057,"7095 Maple Ave, Seattle, OR 35652",2024-09-28 23:53:59
73,Hayden Clark,haydenclark73@example.com,397-531-6967,"7784 Pine St, Boston, NY 91973",2025-07-31 23:43:38
74,Quinn Patel,quinnpatel74@example.com,584-235-8603,"1035 Riverside Dr, Seattle, IL 35551",2025-07-16 22:26:08
75,Jordan Young,jordanyoung75@example.com,547-571-5461,"5498 2nd Ave, Seattle, IL 51482",2025-12-01 08:51:36
76,Jamie Singh,jamiesingh76@example.com,203-938-2070,"407 Spruce St, New York, CA 72283",2025-06-22 07:12:49
77,Rowan Anderson,rowananderson77@example.com,457-640-9085,"2184 Broadway, Austin, WA 49756",2025-09-13 13:16:10
78,Casey Young,caseyyoung78@example.com,441-535-6235,"7559 Lakeview Dr, Atlanta, CA 77093",2024-05-15 18:09:30
79,Quinn Johnson,quinnjohnson79@example.com,453-617-2060,"564 Broadway, San Diego, GA 52697",2024-04-17 07:31:23
80,Reese Nguyen,reesenguyen80@example.com,273-471-2377,"3423 Maple Ave, Boston, OR 68584",2024-04-27 00:31:49
81,Avery Kim,averykim81@example.com,626-671-4849,"8833 Spruce St, San Francisco, IL 48506",2024-07-18 12:20:09
82,Emerson Brown,emersonbrown82@example.com,581-460-5265,"3273 Broadway, New York, TX 42157",2024-06-14 10:06:46
83,Casey Singh,caseysingh83@example.com,792-392-6346,"1071 Hillcrest Way, Chicago, NY 76496",2025-01-26 07:06:22
84,Avery Nguyen,averynguyen84@example.com,869-675-1606,"1686 Pine St, Portland, NY 68759",2025-11-23 17:11:44
85,Parker Patel,parkerpatel85@example.com,500-438-2953,"835 Oak St, Atlanta, NY 19845",2024-09-28 14:59:59
86,Kendall Johnson,kendalljohnson86@example.com,659-817-5258,"113 Maple Ave, Atlanta, CO 38527",2024-01-12 14:12:09
87,Parker Lopez,parkerlopez87@example.com,344-245-4341,"4186 Pine St, Atlanta, NY 11491",2025-09-10 12:09:19
88,Drew Hernandez,drewhernandez88@example.com,894-580-4033,"5125 Maple Ave, New York, WA 74962",2025-02-12 04:17:46
89,Skyler Garcia,skylergarcia89@example.com,617-303-7476,"9023 Cedar Rd, San Diego, CA 95597",2024-04-19 15:23:24
90,Quinn Brown,quinnbrown90@example.com,619-490-6039,"6855 Pine St, Chicago, CO 64274",2024-11-01 23:06:16
91,Alex Wilson,alexwilson91@example.com,859-401-7401,"6645 Oak St, Seattle, MA 30521",2024-11-07 15:21:43
92,Taylor Garcia,taylorgarcia92@example.com,615-791-6975,"7561 Riverside Dr, Austin, TX 11944",2024-01-23 15:40:19
93,Hayden Kim,haydenkim93@example.com,856-606-2458,"9395 2nd Ave, Denver, GA 32503",2024-04-05 19:31:39
94,Parker Singh,parkersingh94@example.com,365-733-3814,"1109 Maple Ave, Boston, OR 35865",2024-08-04 18:30:59
95,Casey Patel,caseypatel95@example.com,694-522-1874,"9965 3rd Ave, Boston, CA 91309",2025-06-01 01:17:11
96,Riley Martinez,rileymartinez96@example.com,835-614-4213,"7758 Cedar Rd, Atlanta, NY 15467",2024-10-19 23:47:51
97,Kendall Johnson,kendalljohnson97@example.com,592-567-3016,"2458 Oak St, New York, WA 83707",2025-09-28 21:03:30
98,Sam Lopez,samlopez98@example.com,320-599-8466,"9022 Spruce St, Chicago, MA 50397",2025-03-11 00:54:39
99,Avery Hernandez,averyhernandez99@example.com,598-874-7020,"7330 Market St, Portland, TX 13063",2023-12-17 05:23:44
100,Finley Lewis,finleylewis100@example.com,676-440-8320,"7518 Spruce St, Austin, OR 62473",2024-03-06 16:02:33
101,Jordan Kim,jordankim101@example.com,567-640-6985,"1512 Riverside Dr, Portland, GA 76867",2025-05-07 21:09:11
102,Sam Patel,sampatel102@example.com,851-333-2347,"5150 Riverside Dr, San Diego, CA 17112",2025-07-20 15:23:37
103,Kendall Anderson,kendallanderson103@example.com,868-339-1423,"1097 2nd Ave, San Francisco, NY 27251",2025-11-01 10:33:01
104,Skyler Singh,skylersingh104@example.com,369-902-4622,"1083 Spruce St, Denver, IL 30809",2024-08-22 00:47:47
105,Finley Brown,finleybrown105@example.com,667-347-5164,"8238 Broadway, New York, IL 90722",2025-01-10 12:39:13
106,Avery Lopez,averylopez106@example.com,581-237-4259,"2993 Hillcrest Way, Austin, IL 99087",2024-08-25 03:05:18
107,Quinn Johnson,quinnjohnson107@example.com,470-317-9695,"805 3rd Ave, Denver, OR 82768",2025-01-22 12:34:45
108,Emerson Nguyen,emersonnguyen108@example.com,458-748-7459,"6096 Sunset Blvd, Boston, CO 85675",2024-04-06 01:16:50
109,Parker Lopez,parkerlopez109@example.com,982-283-8246,"3779 Cedar Rd, Atlanta, WA 48847",2025-09-11 06:37:57
110,Kendall Brown,kendallbrown110@example.com,517-854-6122,"39 Park Ln, Seattle, NY 29577",2024-07-27 12:06:14
111,Finley Hernandez,finleyhernandez111@example.com,627-724-6965,"792 Cedar Rd, Portland, NY 90284",2025-05-04 18:49:24
112,Sam Chen,samchen112@example.com,255-202-6815,"4986 Maple Ave, San Diego, CO 80007",2024-06-05 16:29:24
113,Reese Allen,reeseallen113@example.com,508-803-3190,"3355 Lakeview Dr, Atlanta, OR 30791",2024-03-28 03:53:52
114,Alex Martinez,alexmartinez114@example.com,924-352-8386,"1579 Maple Ave, Austin, IL 62684",2025-09-04 20:46:16
115,Jamie Chen,jamiechen115@example.com,257-860-6739,"9753 3rd Ave, Atlanta, OR 88889",2025-12-11 09:52:29
116,Kendall Lewis,kendalllewis116@example.com,454-369-1006,"730 Pine St, San Diego, WA 63213",2024-05-06 16:54:49
117,Avery Johnson,averyjohnson117@example.com,259-997-2718,"212 2nd Ave, San Diego, NY 28647",2024-10-30 10:12:04
118,Morgan Walker,morganwalker118@example.com,822-858-9305,"6813 Spruce St, Atlanta, TX 76660",2024-08-10 19:18:27
119,Jordan Singh,jordansingh119@example.com,840-249-8830,"8831 Pine St, Boston, MA 70983",2024-02-15 00:13:44
120,Rowan Johnson,rowanjohnson120@example.com,431-307-5283,"3815 3rd Ave, Seattle, CA 53976",2025-11-05 18:33:00
121,Jamie Patel,jamiepatel121@example.com,472-851-8144,"8582 Sunset Blvd, Chicago, NY 21196",2025-10-28 01:13:53
122,Kendall Chen,kendallchen122@example.com,373-466-4868,"3332 Cedar Rd, Denver, NY 60948",2024-08-25 16:41:07
123,Finley Martinez,finleymartinez123@example.com,588-845-9787,"7702 Broadway, San Diego, WA 13475",2024-11-18 02:15:35
124,Avery Allen,averyallen124@example.com,515-417-7415,"9600 Maple Ave, Atlanta, TX 28952",2024-01-09 01:33:15
125,Alex Nguyen,alexnguyen125@example.com,309-836-3651,"5660 Cedar Rd, Seattle, WA 15459",2024-03-31 00:00:13
126,Sam Garcia,samgarcia126@example.com,954-247-2077,"9684 Riverside Dr, Denver, NY 79978",2025-11-05 18:40:02
127,Jordan Anderson,jordananderson127@example.com,309-452-4370,"3338 Maple Ave, Seattle, WA 93122",2024-02-20 10:33:13
128,Cameron Lewis,cameronlewis128@example.com,302-335-2603,"3368 Sunset Blvd, Denver, CO 65543",2024-07-04 08:22:05
129,Alex Wilson,alexwilson129@example.com,462-489-1793,"6039 Lakeview Dr, Atlanta, GA 72401",2025-10-05 18:49:25
130,Cameron Young,cameronyoung130@example.com,963-231-7765,"521 Hillcrest Way, San Diego, CA 55453",2024-12-12 17:42:22
131,Sam Hall,samhall131@example.com,779-421-2489,"9423 Spruce St, Chicago, TX 67154",2023-12-15 12:12:58
132,Kendall Lee,kendalllee132@example.com,495-980-1884,"81 Lakeview Dr, Portland, CA 74419",2025-06-06 11:36:55
133,Riley Lewis,rileylewis133@example.com,806-555-9440,"4279 2nd Ave, Austin, IL 38143",2025-12-12 06:58:44
134,Avery Lewis,averylewis134@example.com,369-312-2325,"8042 Riverside Dr, San Diego, CA 92304",2024-08-24 05:05:22
135,Parker Nguyen,parkernguyen135@example.com,610-604-2411,"6926 3rd Ave, Seattle, CO 37016",2024-08-05 22:57:30
136,Jamie Hernandez,jamiehernandez136@example.com,758-713-3803,"6224 3rd Ave, New York, OR 26630",2025-01-30 08:42:33
137,Finley Young,finleyyoung137@example.com,861-234-6709,"9538 Lakeview Dr, San Diego, TX 69022",2025-05-11 18:26:30
138,Hayden Lopez,haydenlopez138@example.com,373-674-8189,"4224 2nd Ave, New York, TX 53785",2024-12-07 08:38:21
139,Avery Walker,averywalker139@example.com,396-473-5939,"2542 Park Ln, Austin, NY 52803",2025-03-26 18:46:45
140,Kendall Wilson,kendallwilson140@example.com,364-441-6375,"3111 Sunset Blvd, San Francisco, TX 96232",2024-03-02 10:40:10
141,Morgan Anderson,morgananderson141@example.com,354-351-5949,"4882 Hillcrest Way, Chicago, NY 24323",2025-04-23 00:49:30
142,Taylor Brown,taylorbrown142@example.com,411-597-8600,"565 Pine St, Boston, MA 39157",2025-01-06 05:44:44
143,Cameron Clark,cameronclark143@example.com,222-345-5214,"9901 Park Ln, Boston, WA 41756",2025-11-18 18:25:09
144,Reese Allen,reeseallen144@example.com,801-967-7900,"3754 3rd Ave, Atlanta, NY 99076",2024-05-03 11:29:51
145,Taylor Clark,taylorclark145@example.com,642-520-5256,"1613 Hillcrest Way, New York, MA 92524",2024-04-14 00:35:45
146,Jamie Hernandez,jamiehernandez146@example.com,694-666-1322,"6716 Market St, Austin, CO 11393",2024-10-11 10:03:00
147,Skyler Nguyen,skylernguyen147@example.com,239-457-9902,"3579 Cedar Rd, New York, GA 55640",2024-03-02 00:23:53
148,Emerson Clark,emersonclark148@example.com,754-409-8794,"8401 Pine St, Denver, GA 54938",2024-10-28 05:27:11
149,Rowan Lee,rowanlee149@example.com,900-388-7430,"8427 Riverside Dr, San Francisco, CO 93567",2024-01-27 11:26:30
150,Jamie Brown,jamiebrown150@example.com,591-609-2007,"228 Maple Ave, Boston, MA 92387",2025-06-08 20:22:26
151,Parker Allen,parkerallen151@example.com,471-311-4677,"4982 Park Ln, Boston, GA 38693",2025-08-28 00:48:25
152,Quinn Clark,quinnclark152@example.com,417-368-3118,"1138 Riverside Dr, New York, OR 94174",2025-02-23 01:26:39
153,Avery Kim,averykim153@example.com,561-882-7771,"7679 Sunset Blvd, San Diego, TX 71525",2024-09-15 00:56:52
154,Avery Brown,averybrown154@example.com,921-585-5154,"6991 3rd Ave, Austin, OR 10353",2025-08-31 02:25:33
155,Jamie Wilson,jamiewilson155@example.com,450-870-5945,"5258 Broadway, Portland, MA 91705",2025-04-22 12:09:19
156,Jordan Wilson,jordanwilson156@example.com,356-510-7309,"944 Maple Ave, Atlanta, CO 28402",2025-01-29 15:59:32
157,Parker Allen,parkerallen157@example.com,215-873-1188,"3446 Maple Ave, Chicago, IL 89718",2024-03-02 08:19:10
158,Emerson Kim,emersonkim158@example.com,439-390-8404,"5686 Riverside Dr, Austin, NY 62754",2025-08-20 09:52:46
159,Hayden Johnson,haydenjohnson159@example.com,824-904-2481,"8996 Riverside Dr, Chicago, NY 74810",2025-06-04 14:35:31
160,Morgan Walker,morganwalker160@example.com,280-959-8185,"1926 Market St, San Francisco, IL 64924",2024-06-13 09:21:08
161,Casey Lewis,caseylewis161@example.com,704-770-1957,"7945 Broadway, Austin, OR 42317",2025-01-04 10:40:02
162,Riley Hall,rileyhall162@example.com,813-952-1108,"2637 Spruce St, Denver, OR 83737",2025-01-04 00:03:26
163,Cameron Clark,cameronclark163@example.com,583-636-7861,"1245 Cedar Rd, Denver, WA 12694",2025-04-01 01:10:19
164,Sam Lopez,samlopez164@example.com,296-722-8932,"7950 Riverside Dr, Austin, WA 37965",2025-06-24 07:55:20
165,Reese Kim,reesekim165@example.com,546-296-6999,"5602 Broadway, San Diego, GA 37620",2024-07-22 04:57:34
166,Reese Lopez,reeselopez166@example.com,632-457-1863,"4747 Sunset Blvd, Denver, OR 62917",2024-08-29 17:01:33
167,Kendall Brown,kendallbrown167@example.com,718-553-4334,"8074 Riverside Dr, San Francisco, CO 35206",2024-08-16 19:03:37
168,Cameron Kim,cameronkim168@example.com,800-850-2434,"666 Hillcrest Way, San Diego, MA 81486",2025-03-04 08:57:24
169,Sam Anderson,samanderson169@example.com,507-311-1101,"770 Oak St, Portland, WA 75646",2025-11-20 04:18:53
170,Hayden Young,haydenyoung170@example.com,585-831-3409,"9779 3rd Ave, San Francisco, NY 15173",2025-05-15 13:49:18
171,Rowan Johnson,rowanjohnson171@example.com,303-879-3970,"615 Hillcrest Way, San Francisco, WA 58348",2025-10-21 17:48:19
172,Casey Singh,caseysingh172@example.com,775-927-5227,"4958 Cedar Rd, Boston, WA 51743",2023-12-30 08:08:07
173,Reese Allen,reeseallen173@example.com,857-792-1894,"8165 2nd Ave, San Diego, WA 25577",2025-08-06 12:15:05
174,Reese Allen,reeseallen174@example.com,912-614-8314,"1111 Pine St, Boston, TX 72317",2025-08-03 11:43:38
175,Reese Hall,reesehall175@example.com,304-284-8736,"3487 Cedar Rd, Seattle, MA 10626",2023-12-21 17:52:35
176,Taylor Garcia,taylorgarcia176@example.com,423-324-3113,"7748 Pine St, Chicago, NY 69084",2025-07-06 06:30:05
177,Riley Patel,rileypatel177@example.com,574-992-3372,"1391 Sunset Blvd, San Diego, OR 70369",2025-05-17 13:09:13
178,Jamie Patel,jamiepatel178@example.com,934-232-1186,"1002 Pine St, Atlanta, CA 60980",2024-08-12 02:37:37
179,Cameron Young,cameronyoung179@example.com,369-698-1979,"5191 Lakeview Dr, Atlanta, OR 71577",2025-05-23 05:56:51
180,Riley Kim,rileykim180@example.com,319-571-3687,"6857 Broadway, Boston, OR 45649",2025-08-14 22:27:19
181,Emerson Lopez,emersonlopez181@example.com,499-486-1993,"9838 Lakeview Dr, Atlanta, WA 29807",2025-03-25 10:00:41
182,Cameron Allen,cameronallen182@example.com,638-452-7171,"6356 3rd Ave, Boston, NY 69148",2024-07-21 13:16:05
183,Alex Lopez,alexlopez183@example.com,469-474-7922,"2586 2nd Ave, Seattle, IL 28437",2025-09-05 00:09:42
184,Emerson Kim,emersonkim184@example.com,480-760-9191,"5692 Market St, San Francisco, GA 82571",2024-12-25 00:37:38
185,Quinn Lee,quinnlee185@example.com,968-939-4834,"5080 2nd Ave, Seattle, MA 70990",2025-06-16 16:24:07
186,Morgan Brown,morganbrown186@example.com,800-969-1153,"6317 Broadway, San Diego, CA 80274",2025-08-31 23:38:48
187,Parker Garcia,parkergarcia187@example.com,438-607-9536,"4262 Spruce St, San Diego, CO 72467",2025-01-10 15:40:05
188,Emerson Lee,emersonlee188@example.com,393-417-4150,"1520 Cedar Rd, Chicago, CO 85742",2025-02-24 21:45:09
189,Parker Anderson,parkeranderson189@example.com,998-729-3441,"4045 Pine St, Portland, CO 23909",2024-09-28 04:23:59
190,Rowan Garcia,rowangarcia190@example.com,359-523-1497,"5661 Sunset Blvd, San Diego, WA 22331",2024-01-09 13:57:33
191,Morgan Allen,morganallen191@example.com,697-800-4499,"4296 Riverside Dr, Chicago, MA 22728",2024-11-25 14:06:24
192,Emerson Young,emersonyoung192@example.com,334-460-1620,"5561 Oak St, Austin, MA 20965",2024-01-04 20:59:47
193,Sam Patel,sampatel193@example.com,770-578-8508,"7986 Spruce St, San Francisco, MA 25717",2025-06-15 03:48:35
194,Jordan Brown,jordanbrown194@example.com,526-778-4820,"1481 3rd Ave, San Diego, MA 33942",2024-11-26 17:43:38
195,Riley Wilson,rileywilson195@example.com,440-938-4632,"2830 Pine St, Chicago, CO 17769",2025-11-14 16:33:50
196,Hayden Chen,haydenchen196@example.com,248-464-9410,"7930 Pine St, San Francisco, TX 51639",2025-07-22 21:18:07
197,Alex Lee,alexlee197@example.com,893-966-5895,"9673 2nd Ave, Portland, CA 71698",2024-08-22 02:16:36
198,Parker Brown,parkerbrown198@example.com,599-327-7143,"7895 Hillcrest Way, Austin, OR 41255",2025-09-01 17:53:54
199,Casey Chen,caseychen199@example.com,679-934-4196,"600 Cedar Rd, New York, CA 91088",2025-10-17 17:25:39
200,Parker Kim,parkerkim200@example.com,996-657-2589,"6319 Spruce St, Seattle, CA 69288",2024-09-03 09:56:27